id,slug,subtitle,subtitleEn
10,dv3-diaphragm-valve,"1/4"" VCR 外螺纹，金属面密封",
11,dv4-diaphragm-valve,"1/4"" VCR 转 1/4"" 对焊，L=43.2mm",
12,dv5-diaphragm-valve,"1/4"" VCR 转 1/4"" 对焊，L=27.9mm",
14,dv7-diaphragm-valve,"1/4"" 对焊弯头，90°",
15,bsm-metering-valve,"1/4"" 对焊三通",
16,pre1-pressure-reducing-valve,"1/4"" 对焊四通",
18,pre3-pressure-reducing-valve,常闭，250psi，VCR 阳螺纹,
19,prt1-pressure-reducing-valve,"1/2"" VCR，CV 0.65",
20,prt2-pressure-reducing-valve,入口 24.1MPa，CV 0.09/0.15,
22,cv3-check-valve,20.7MPa，开启 <2psi，EP,
23,bv1-ball-valve,4.8MPa，CV 0.19（计量）,
24,bv2-ball-valve,滤芯最小 0.5μm，20.7MPa,
26,bv4-ball-valve,直通/弯头/三通/四通全系列对焊接头,
27,bv5-ball-valve,O 形圈密封，真空至高压可靠密封,
28,bv6-ball-valve,CF 法兰转对焊 / 波纹管连接,
30,nv1-needle-valve,高压 20.7MPa，小流量 CV 0.26,
31,nv2-needle-valve,手动 24.1MPa / 气动 20.7MPa，CV 0.8,
32,nv3-needle-valve,中压 2.07MPa，CV 0.65,
34,nv5-needle-valve,ALD 专用，CV 0.27 / 0.62,
35,nv6-needle-valve,联接式膜片，入口 24.1MPa，CV 0.13 / 0.16,
36,bsv1-bellows-valve,联接式膜片，入口 11.7MPa，CV 0.9 / 1.1,
37,bsv2-bellows-valve,自由膜片，入口 24.1MPa，CV 0.13,
38,ft4-gas-filter,自由膜片，入口 4.14MPa，CV 1.1,
39,ft5-gas-filter,烧结金属滤芯 2.5nm，21.0MPa,
9,dv2-diaphragm-valve,"1/4"" VCR 内螺纹，金属面密封",
13,dv6-diaphragm-valve,"1/4"" VCR 密封垫片，金属密封",
17,pre2-pressure-reducing-valve,250psi，-23℃~66℃，VCR 阴螺纹,
21,prt3-pressure-reducing-valve,入口 31.0MPa，CV 0.09/0.15,
25,bv3-ball-valve,滤芯 2.5nm，20.7MPa,
29,bv7-ball-valve,低压大流量，CV 2.8,
33,nv4-needle-valve,弹簧加载，高压 24.1MPa,
